{"cameraMode":{"drawMode":0,"name":"Shaded","section":"Shading Mode"},"sceneLighting":true,"audioPlay":false,"sceneViewState":{"m_AlwaysRefresh":false,"showFog":true,"showSkybox":true,"showFlares":true,"showImageEffects":true,"showParticleSystems":true,"showVisualEffectGraphs":true,"m_FxEnabled":true},"in2DMode":false,"pivot":{"x":1.759363055229187,"y":-3.9906978607177736,"z":-21.64131736755371},"rotation":{"x":-0.44665059447288515,"y":0.28445300459861758,"z":-0.15224164724349976,"w":-0.8345497846603394},"size":16.958812713623048,"orthographic":false}